<?xml version="1.0" encoding="UTF-8" standalone="yes"?>
<addon id="repository.pvplayhd" name="pvPlayHD XBMC Add-ons" version="1.0.0" provider-name="tagara">
	<extension point="xbmc.addon.repository" name="pvPlayHD XBMC Add-ons">
		<info compressed="false">https://raw.githubusercontent.com/karutman/repository.pvplayhd/master/addons.xml</info>
		<checksum>https://raw.githubusercontent.com/karutman/repository.pvplayhd/master/addons.xml.md5</checksum>
		<datadir zip="true">https://raw.githubusercontent.com/karutman/repository.pvplayhd/master/</datadir>
	</extension>
	<extension point="xbmc.addon.metadata">
		<summary>Install Add-ons from pvPlayHD Add-on Repository</summary>
		<description>Plug-ins for XBMC</description>
		<disclaimer>Add-ons that allow viewing Movie online on XBMC</disclaimer>
		<platform>all</platform>
	</extension>
</addon>
